﻿{"paragraphs":[{"text":"%sh\nif ! hdfs dfs -test -e \"/user/zeppelin/accesslog\"; then\n    hdfs dfs -mkdir -p /user/zeppelin/accesslog\n    wget  wget https://github.com/praisan/hello-world/raw/master/access.log.2.zip\n    unzip access.log.2.zip\n    hdfs dfs -put access.log.2 /user/zeppelin/accesslog\nfi","user":"anonymous","dateUpdated":"2019-11-13T16:57:14+0000","config":{"colWidth":12,"fontSize":9,"enabled":true,"results":{},"editorSetting":{"language":"sh","editOnDblClick":false,"completionKey":"TAB","completionSupport":false},"editorMode":"ace/mode/sh"},"settings":{"params":{},"forms":{}},"apps":[],"jobName":"paragraph_1573620688564_-174933384","id":"20191113-045128_923583802","dateCreated":"2019-11-13T04:51:28+0000","dateStarted":"2019-11-13T05:04:39+0000","dateFinished":"2019-11-13T05:04:39+0000","status":"ERROR","errorMessage":"","progressUpdateIntervalMs":500,"focus":true,"$$hashKey":"object:11627"},{"text":"%pyspark\nraw_log_data=sc.textFile('/user/zeppelin/accesslog/access.log.2')","user":"anonymous","dateUpdated":"2019-11-13T16:58:43+0000","config":{"colWidth":12,"fontSize":9,"enabled":true,"results":{},"editorSetting":{"language":"python","editOnDblClick":false,"completionKey":"TAB","completionSupport":true},"editorMode":"ace/mode/python"},"settings":{"params":{},"forms":{}},"results":{"code":"SUCCESS","msg":[]},"apps":[],"jobName":"paragraph_1573621624208_802758700","id":"20191113-050704_1688285677","dateCreated":"2019-11-13T05:07:04+0000","dateStarted":"2019-11-13T16:58:43+0000","dateFinished":"2019-11-13T16:59:18+0000","status":"FINISHED","progressUpdateIntervalMs":500,"$$hashKey":"object:11628"},{"text":"%pyspark\ndir(sc)","user":"anonymous","dateUpdated":"2019-11-13T09:25:40+0000","config":{"colWidth":12,"fontSize":9,"enabled":true,"results":{},"editorSetting":{"language":"python","editOnDblClick":false,"completionKey":"TAB","completionSupport":true},"editorMode":"ace/mode/python"},"settings":{"params":{},"forms":{}},"apps":[],"jobName":"paragraph_1573622080831_-702437608","id":"20191113-051440_28772666","dateCreated":"2019-11-13T05:14:40+0000","dateStarted":"2019-11-13T09:25:40+0000","dateFinished":"2019-11-13T09:25:40+0000","status":"FINISHED","errorMessage":"","progressUpdateIntervalMs":500,"$$hashKey":"object:11629"},{"text":"%pyspark\nimport re\nreg = '([^ ]*) - - \\\\[([^\\\\]]*)\\\\] \"([^\\ ]*) ([^\\ ]*) ([^\\ ]*)\" (\\\\d*) (\\\\d*) \"([^\"]*)\" \"([^\"]*)\"'\n\ndef splitMe(line):\n    return re.split(reg, line)\n\nrdd=raw_log_data.map(splitMe)","user":"anonymous","dateUpdated":"2019-11-13T16:59:47+0000","config":{"colWidth":12,"fontSize":9,"enabled":true,"results":{},"editorSetting":{"language":"python","editOnDblClick":false,"completionKey":"TAB","completionSupport":true},"editorMode":"ace/mode/python"},"settings":{"params":{},"forms":{}},"results":{"code":"SUCCESS","msg":[]},"apps":[],"jobName":"paragraph_1573621729214_1395135064","id":"20191113-050849_2015400238","dateCreated":"2019-11-13T05:08:49+0000","dateStarted":"2019-11-13T16:59:47+0000","dateFinished":"2019-11-13T16:59:47+0000","status":"FINISHED","progressUpdateIntervalMs":500,"$$hashKey":"object:11630"},{"text":"%pyspark\n","user":"anonymous","dateUpdated":"2019-11-13T18:01:13+0000","config":{"colWidth":12,"fontSize":9,"enabled":true,"results":{},"editorSetting":{"language":"python","editOnDblClick":false,"completionKey":"TAB","completionSupport":true},"editorMode":"ace/mode/python","title":true},"settings":{"params":{},"forms":{}},"apps":[],"jobName":"paragraph_1573637260057_1966663761","id":"20191113-092740_106417419","dateCreated":"2019-11-13T09:27:40+0000","dateStarted":"2019-11-13T18:01:05+0000","dateFinished":"2019-11-13T18:01:05+0000","status":"FINISHED","errorMessage":"","progressUpdateIntervalMs":500,"$$hashKey":"object:11631","title":"แสดงผล 10 แถวแรก"},{"text":"%pyspark\nfrom pyspark.sql.functions import udf\nfrom pyspark.sql.types import TimestampType,DateType\nfrom datetime import datetime\n\ns_to_data=udf(lambda x:datetime.strptime(x.split()[0], '%d/%b/%Y:%H:%M:%S'),TimestampType())\n\ndfRdd=rdd.toDF(['blank1','ip','thedate','method','url','http_version','code1','code2','dash','user_agent','blank2']).drop('blank1','blank2')\ndfRdd=dfRdd.withColumn('thedatetime',s_to_data('thedate'))\ndfRdd.show(5)\n","user":"anonymous","dateUpdated":"2019-11-13T17:04:54+0000","config":{"colWidth":12,"fontSize":9,"enabled":true,"results":{},"editorSetting":{"language":"python","editOnDblClick":false,"completionKey":"TAB","completionSupport":true},"editorMode":"ace/mode/python","editorHide":false},"settings":{"params":{},"forms":{}},"results":{"code":"SUCCESS","msg":[{"type":"TEXT","data":"+---------------+--------------------+------+--------------------+------------+-----+-----+----+--------------------+-------------------+\n|             ip|             thedate|method|                 url|http_version|code1|code2|dash|          user_agent|        thedatetime|\n+---------------+--------------------+------+--------------------+------------+-----+-----+----+--------------------+-------------------+\n| 79.133.215.123|14/Jun/2014:10:30...|   GET|               /home|    HTTP/1.1|  200| 1671|   -|Mozilla/5.0 (Wind...|2014-06-14 10:30:13|\n|162.235.161.200|14/Jun/2014:10:30...|   GET|/department/appar...|    HTTP/1.1|  200| 1175|   -|Mozilla/5.0 (Maci...|2014-06-14 10:30:13|\n|  39.244.91.133|14/Jun/2014:10:30...|   GET| /department/fitness|    HTTP/1.1|  200| 1435|   -|Mozilla/5.0 (Maci...|2014-06-14 10:30:14|\n|  150.47.54.136|14/Jun/2014:10:30...|   GET|/department/fan%2...|    HTTP/1.1|  200| 1932|   -|Mozilla/5.0 (Maci...|2014-06-14 10:30:14|\n|  217.89.36.129|14/Jun/2014:10:30...|   GET|          /view_cart|    HTTP/1.1|  200| 1401|   -|Mozilla/5.0 (Wind...|2014-06-14 10:30:14|\n+---------------+--------------------+------+--------------------+------------+-----+-----+----+--------------------+-------------------+\nonly showing top 5 rows\n\n"}]},"runtimeInfos":{"jobUrl":{"propertyName":"jobUrl","label":"SPARK JOB","tooltip":"View in Spark web UI","group":"spark","values":["http://cluster-c5af-m.c.crack-lacing-186408.internal:4040/jobs/job?id=5","http://cluster-c5af-m.c.crack-lacing-186408.internal:4040/jobs/job?id=6"],"interpreterSettingId":"spark"}},"apps":[],"jobName":"paragraph_1573622217913_-1277985117","id":"20191113-051657_675610461","dateCreated":"2019-11-13T05:16:57+0000","dateStarted":"2019-11-13T17:04:54+0000","dateFinished":"2019-11-13T17:04:57+0000","status":"FINISHED","progressUpdateIntervalMs":500,"$$hashKey":"object:11632"},{"text":"%pyspark\n","user":"anonymous","dateUpdated":"2019-11-13T18:00:41+0000","config":{"colWidth":12,"fontSize":9,"enabled":true,"results":{},"editorSetting":{"language":"scala","editOnDblClick":false,"completionKey":"TAB","completionSupport":true},"editorMode":"ace/mode/scala","title":true},"settings":{"params":{},"forms":{}},"apps":[],"jobName":"paragraph_1573667964910_-32762835","id":"20191113-175924_1286873658","dateCreated":"2019-11-13T17:59:24+0000","status":"FINISHED","progressUpdateIntervalMs":500,"focus":true,"$$hashKey":"object:12949","dateFinished":"2019-11-13T18:00:12+0000","dateStarted":"2019-11-13T18:00:12+0000","errorMessage":"","title":"แสดงผลโดยใช้คุณสมบัติของ Zeppe"},{"title":"required packets","text":"%md\n-https://pypi.org/project/user-agents/\n-install in all vms by root user\n\napt install python-pip\npip install pyyaml ua-parser user-agents","user":"anonymous","dateUpdated":"2019-11-13T17:57:48+0000","config":{"colWidth":12,"fontSize":9,"enabled":true,"results":{},"editorSetting":{"language":"markdown","editOnDblClick":true,"completionKey":"TAB","completionSupport":false},"editorMode":"ace/mode/markdown","editorHide":false,"tableHide":true,"title":true},"settings":{"params":{},"forms":{}},"results":{"code":"SUCCESS","msg":[{"type":"HTML","data":"<div class=\"markdown-body\">\n<p>-install in all vm by root user<br/>apt install python-pip<br/>pip install pyyaml ua-parser user-agents</p>\n</div>"}]},"apps":[],"jobName":"paragraph_1573666278471_-1787723029","id":"20191113-173118_1177048494","dateCreated":"2019-11-13T17:31:18+0000","dateStarted":"2019-11-13T17:33:39+0000","dateFinished":"2019-11-13T17:33:39+0000","status":"FINISHED","progressUpdateIntervalMs":500,"$$hashKey":"object:11633"},{"text":"%pyspark\nfrom user_agents import parse\n\ns_to_browser=udf(#แปลง user_agent เป็น browser)\n\n\ndfRdd=dfRdd.withColumn('browser',s_to_browser('user_agent'))\ndfRdd.show(5)","user":"anonymous","dateUpdated":"2019-11-13T18:02:12+0000","config":{"colWidth":12,"fontSize":9,"enabled":true,"results":{},"editorSetting":{"language":"python","editOnDblClick":false,"completionKey":"TAB","completionSupport":true},"editorMode":"ace/mode/python","title":true},"settings":{"params":{},"forms":{}},"results":{"code":"SUCCESS","msg":[{"type":"TEXT","data":"+---------------+--------------------+------+--------------------+------------+-----+-----+----+--------------------+-------------------+-------+-----+\n|             ip|             thedate|method|                 url|http_version|code1|code2|dash|          user_agent|        thedatetime|browser|   os|\n+---------------+--------------------+------+--------------------+------------+-----+-----+----+--------------------+-------------------+-------+-----+\n| 79.133.215.123|14/Jun/2014:10:30...|   GET|               /home|    HTTP/1.1|  200| 1671|   -|Mozilla/5.0 (Wind...|2014-06-14 10:30:13| Chrome|Other|\n|162.235.161.200|14/Jun/2014:10:30...|   GET|/department/appar...|    HTTP/1.1|  200| 1175|   -|Mozilla/5.0 (Maci...|2014-06-14 10:30:13| Safari|Other|\n|  39.244.91.133|14/Jun/2014:10:30...|   GET| /department/fitness|    HTTP/1.1|  200| 1435|   -|Mozilla/5.0 (Maci...|2014-06-14 10:30:14| Chrome|Other|\n|  150.47.54.136|14/Jun/2014:10:30...|   GET|/department/fan%2...|    HTTP/1.1|  200| 1932|   -|Mozilla/5.0 (Maci...|2014-06-14 10:30:14| Chrome|Other|\n|  217.89.36.129|14/Jun/2014:10:30...|   GET|          /view_cart|    HTTP/1.1|  200| 1401|   -|Mozilla/5.0 (Wind...|2014-06-14 10:30:14|Firefox|Other|\n+---------------+--------------------+------+--------------------+------------+-----+-----+----+--------------------+-------------------+-------+-----+\nonly showing top 5 rows\n\n"}]},"runtimeInfos":{"jobUrl":{"propertyName":"jobUrl","label":"SPARK JOB","tooltip":"View in Spark web UI","group":"spark","values":["http://cluster-c5af-m.c.crack-lacing-186408.internal:4040/jobs/job?id=23"],"interpreterSettingId":"spark"}},"apps":[],"jobName":"paragraph_1573665756936_-278464157","id":"20191113-172236_1512569402","dateCreated":"2019-11-13T17:22:36+0000","dateStarted":"2019-11-13T17:46:14+0000","dateFinished":"2019-11-13T17:47:34+0000","status":"FINISHED","progressUpdateIntervalMs":500,"$$hashKey":"object:11634","title":"แปลง user_agent เป็น browser"},{"text":"%pyspark\ndfRdd.registerTempTable('access_logs')","user":"anonymous","dateUpdated":"2019-11-13T17:54:14+0000","config":{"colWidth":12,"fontSize":9,"enabled":true,"results":{},"editorSetting":{"language":"python","editOnDblClick":false,"completionKey":"TAB","completionSupport":true},"editorMode":"ace/mode/python"},"settings":{"params":{},"forms":{}},"results":{"code":"SUCCESS","msg":[]},"apps":[],"jobName":"paragraph_1573637781019_-1291099980","id":"20191113-093621_298223779","dateCreated":"2019-11-13T09:36:21+0000","dateStarted":"2019-11-13T17:54:14+0000","dateFinished":"2019-11-13T17:54:14+0000","status":"FINISHED","progressUpdateIntervalMs":500,"$$hashKey":"object:11635"},{"text":"%sql\nselect * from access_logs limit 10","user":"anonymous","dateUpdated":"2019-11-13T17:54:18+0000","config":{"colWidth":12,"fontSize":9,"enabled":true,"results":{"0":{"graph":{"mode":"table","height":300,"optionOpen":false,"setting":{"table":{"tableGridState":{},"tableColumnTypeState":{"names":{"ip":"string","thedate":"string","method":"string","url":"string","http_version":"string","code1":"string","code2":"string","dash":"string","user_agent":"string","thedatetime":"string","browser":"string"},"updated":false},"tableOptionSpecHash":"[{\"name\":\"useFilter\",\"valueType\":\"boolean\",\"defaultValue\":false,\"widget\":\"checkbox\",\"description\":\"Enable filter for columns\"},{\"name\":\"showPagination\",\"valueType\":\"boolean\",\"defaultValue\":false,\"widget\":\"checkbox\",\"description\":\"Enable pagination for better navigation\"},{\"name\":\"showAggregationFooter\",\"valueType\":\"boolean\",\"defaultValue\":false,\"widget\":\"checkbox\",\"description\":\"Enable a footer for displaying aggregated values\"}]","tableOptionValue":{"useFilter":false,"showPagination":false,"showAggregationFooter":false},"updated":false,"initialized":false}},"commonSetting":{}}}},"editorSetting":{"language":"sql","editOnDblClick":false,"completionKey":"TAB","completionSupport":true},"editorMode":"ace/mode/sql"},"settings":{"params":{},"forms":{}},"apps":[],"jobName":"paragraph_1573664905411_1800259032","id":"20191113-170825_1154065539","dateCreated":"2019-11-13T17:08:25+0000","dateStarted":"2019-11-13T17:54:18+0000","dateFinished":"2019-11-13T17:54:34+0000","status":"ABORT","errorMessage":"","progressUpdateIntervalMs":500,"$$hashKey":"object:11636"},{"text":"%sql\nSELECT date_format(thedatetime, 'hh') AS dd,browser,count(*) FROM access_logs GROUP BY dd,browser order by dd","user":"anonymous","dateUpdated":"2019-11-13T17:56:42+0000","config":{"colWidth":6,"fontSize":9,"enabled":true,"results":{"0":{"graph":{"mode":"scatterChart","height":300,"optionOpen":false,"setting":{"table":{"tableGridState":{},"tableColumnTypeState":{"names":{"dd":"string","browser":"string","count(1)":"string"},"updated":false},"tableOptionSpecHash":"[{\"name\":\"useFilter\",\"valueType\":\"boolean\",\"defaultValue\":false,\"widget\":\"checkbox\",\"description\":\"Enable filter for columns\"},{\"name\":\"showPagination\",\"valueType\":\"boolean\",\"defaultValue\":false,\"widget\":\"checkbox\",\"description\":\"Enable pagination for better navigation\"},{\"name\":\"showAggregationFooter\",\"valueType\":\"boolean\",\"defaultValue\":false,\"widget\":\"checkbox\",\"description\":\"Enable a footer for displaying aggregated values\"}]","tableOptionValue":{"useFilter":false,"showPagination":false,"showAggregationFooter":false},"updated":false,"initialized":false},"multiBarChart":{"rotate":{"degree":"-45"},"xLabelStatus":"default"},"pieChart":{},"scatterChart":{"xAxis":{"name":"dd","index":0,"aggr":"sum"},"yAxis":{"name":"count(1)","index":2,"aggr":"sum"},"group":{"name":"browser","index":1,"aggr":"sum"},"size":{"name":"count(1)","index":2,"aggr":"sum"}},"stackedAreaChart":{"rotate":{"degree":"-45"},"xLabelStatus":"default"},"lineChart":{"rotate":{"degree":"-45"},"xLabelStatus":"default"}},"keys":[{"name":"dd","index":0,"aggr":"sum"}],"groups":[{"name":"count(1)","index":2,"aggr":"sum"}],"values":[{"name":"browser","index":1,"aggr":"sum"}]},"helium":{}}},"editorSetting":{"language":"sql","editOnDblClick":false,"completionKey":"TAB","completionSupport":true},"editorMode":"ace/mode/sql"},"settings":{"params":{},"forms":{}},"results":{"code":"SUCCESS","msg":[{"type":"TABLE","data":"dd\tbrowser\tcount(1)\n01\tChrome\t1688\n01\tSafari\t365\n01\tFirefox\t629\n01\tIE\t106\n02\tSafari\t281\n02\tChrome\t1141\n02\tIE\t101\n02\tFirefox\t487\n03\tSafari\t284\n03\tFirefox\t609\n03\tIE\t75\n03\tChrome\t1801\n04\tFirefox\t990\n04\tChrome\t2210\n04\tIE\t157\n04\tSafari\t656\n05\tFirefox\t1645\n05\tChrome\t3876\n05\tIE\t268\n05\tSafari\t982\n06\tSafari\t1412\n06\tIE\t373\n06\tChrome\t6074\n06\tFirefox\t2444\n07\tSafari\t2437\n07\tFirefox\t5122\n07\tChrome\t11612\n07\tIE\t824\n08\tChrome\t17591\n08\tIE\t1211\n08\tFirefox\t7501\n08\tSafari\t3922\n09\tChrome\t18101\n09\tSafari\t4039\n09\tFirefox\t7993\n09\tIE\t1174\n10\tSafari\t4408\n10\tIE\t1325\n10\tChrome\t20309\n10\tFirefox\t8254\n11\tChrome\t17460\n11\tFirefox\t7258\n11\tSafari\t3970\n11\tIE\t1272\n12\tIE\t190\n12\tFirefox\t1515\n12\tChrome\t3134\n12\tSafari\t724\n"}]},"runtimeInfos":{"jobUrl":{"propertyName":"jobUrl","label":"SPARK JOB","tooltip":"View in Spark web UI","group":"spark","values":["http://cluster-c5af-m.c.crack-lacing-186408.internal:4040/jobs/job?id=27"],"interpreterSettingId":"spark"}},"apps":[],"jobName":"paragraph_1573644237860_-2002982924","id":"20191113-112357_742266693","dateCreated":"2019-11-13T11:23:57+0000","dateStarted":"2019-11-13T17:54:27+0000","dateFinished":"2019-11-13T17:54:43+0000","status":"FINISHED","progressUpdateIntervalMs":500,"$$hashKey":"object:11637"},{"text":"%sql\nSELECT date_format(thedatetime, 'hh') AS dd,count(*) FROM access_logs GROUP BY dd\n","user":"anonymous","dateUpdated":"2019-11-13T17:58:23+0000","config":{"colWidth":6,"fontSize":9,"enabled":true,"results":{"0":{"graph":{"mode":"multiBarChart","height":300,"optionOpen":false,"setting":{"table":{"tableGridState":{},"tableColumnTypeState":{"names":{"dd":"string","count(1)":"string"},"updated":false},"tableOptionSpecHash":"[{\"name\":\"useFilter\",\"valueType\":\"boolean\",\"defaultValue\":false,\"widget\":\"checkbox\",\"description\":\"Enable filter for columns\"},{\"name\":\"showPagination\",\"valueType\":\"boolean\",\"defaultValue\":false,\"widget\":\"checkbox\",\"description\":\"Enable pagination for better navigation\"},{\"name\":\"showAggregationFooter\",\"valueType\":\"boolean\",\"defaultValue\":false,\"widget\":\"checkbox\",\"description\":\"Enable a footer for displaying aggregated values\"}]","tableOptionValue":{"useFilter":false,"showPagination":false,"showAggregationFooter":false},"updated":false,"initialized":false},"multiBarChart":{"rotate":{"degree":"-45"},"xLabelStatus":"default"}},"commonSetting":{},"keys":[{"name":"dd","index":0,"aggr":"sum"}],"groups":[],"values":[{"name":"count(1)","index":1,"aggr":"sum"}]},"helium":{}}},"editorSetting":{"language":"sql","editOnDblClick":false,"completionKey":"TAB","completionSupport":true},"editorMode":"ace/mode/sql"},"settings":{"params":{},"forms":{}},"results":{"code":"SUCCESS","msg":[{"type":"TABLE","data":"dd\tcount(1)\n07\t19995\n11\t29960\n01\t2788\n09\t31307\n05\t6771\n08\t30225\n03\t2769\n02\t2010\n06\t10303\n10\t34296\n12\t5563\n04\t4013\n"}]},"runtimeInfos":{"jobUrl":{"propertyName":"jobUrl","label":"SPARK JOB","tooltip":"View in Spark web UI","group":"spark","values":["http://cluster-c5af-m.c.crack-lacing-186408.internal:4040/jobs/job?id=28","http://cluster-c5af-m.c.crack-lacing-186408.internal:4040/jobs/job?id=29","http://cluster-c5af-m.c.crack-lacing-186408.internal:4040/jobs/job?id=30","http://cluster-c5af-m.c.crack-lacing-186408.internal:4040/jobs/job?id=31","http://cluster-c5af-m.c.crack-lacing-186408.internal:4040/jobs/job?id=32"],"interpreterSettingId":"spark"}},"apps":[],"jobName":"paragraph_1573637772126_1280839219","id":"20191113-093612_526694115","dateCreated":"2019-11-13T09:36:12+0000","dateStarted":"2019-11-13T17:56:36+0000","dateFinished":"2019-11-13T17:56:53+0000","status":"FINISHED","progressUpdateIntervalMs":500,"$$hashKey":"object:11638"},{"text":"%pyspark\n","user":"anonymous","dateUpdated":"2019-11-13T18:02:33+0000","config":{"colWidth":12,"fontSize":9,"enabled":true,"results":{},"editorSetting":{"language":"python","editOnDblClick":false,"completionKey":"TAB","completionSupport":true},"editorMode":"ace/mode/python","title":true},"settings":{"params":{},"forms":{}},"apps":[],"jobName":"paragraph_1573667796003_-76473510","id":"20191113-175636_872208210","dateCreated":"2019-11-13T17:56:36+0000","status":"READY","progressUpdateIntervalMs":500,"$$hashKey":"object:11639","title":"แปลง user_agent เป็น os"},{"text":"%pyspark\n","user":"anonymous","dateUpdated":"2019-11-13T18:03:40+0000","config":{"colWidth":12,"fontSize":9,"enabled":true,"results":{},"editorSetting":{"language":"scala","editOnDblClick":false,"completionKey":"TAB","completionSupport":true},"editorMode":"ace/mode/scala","title":true},"settings":{"params":{},"forms":{}},"apps":[],"jobName":"paragraph_1573668153420_-94763125","id":"20191113-180233_1624965177","dateCreated":"2019-11-13T18:02:33+0000","status":"READY","progressUpdateIntervalMs":500,"focus":true,"$$hashKey":"object:13126","title":"แสดงผลโดยใช้ DataFrame และ Zeppelin"},{"text":"%pyspark\n","user":"anonymous","dateUpdated":"2019-11-13T18:02:38+0000","config":{"colWidth":12,"fontSize":9,"enabled":true,"results":{},"editorSetting":{"language":"scala","editOnDblClick":false,"completionKey":"TAB","completionSupport":true},"editorMode":"ace/mode/scala"},"settings":{"params":{},"forms":{}},"apps":[],"jobName":"paragraph_1573668158250_-1485801325","id":"20191113-180238_1399313992","dateCreated":"2019-11-13T18:02:38+0000","status":"READY","progressUpdateIntervalMs":500,"focus":true,"$$hashKey":"object:13198"}],"name":"LabSpark01Log","id":"2ET5B85UP","noteParams":{},"noteForms":{},"angularObjects":{"md:shared_process":[],"sh:shared_process":[],"spark:shared_process":[]},"config":{"isZeppelinNotebookCronEnable":false,"looknfeel":"default","personalizedMode":"false"},"info":{}}