﻿{"paragraphs":[{"text":"%md\n## Spark univariance anomaly detection\n\n%%% yuml type=activity scale=80 dir=LR format=png\n<a>[load]->(SparkDF),(SparkDF)[detect]->(cleanDF),(cleanDF)[PCA]->(result),(result)->(plot)\n%%%\n","user":"anonymous","dateUpdated":"2019-11-13T09:47:23+0000","config":{"tableHide":false,"editorSetting":{"language":"markdown","editOnDblClick":true,"completionSupport":false},"colWidth":12,"editorMode":"ace/mode/markdown","editorHide":true,"results":{},"enabled":true,"fontSize":9},"settings":{"params":{},"forms":{}},"results":{"code":"SUCCESS","msg":[{"type":"HTML","data":"<div class=\"markdown-body\">\n<h2>Spark univariance anomaly detection</h2><img src=\"http://yuml.me/diagram/scruffy;dir:LR;scale:80/activity/%3Ca%3E%5Bload%5D-%3E%28SparkDF%29%2C%28SparkDF%29%5Bdetect%5D-%3E%28cleanDF%29%2C%28cleanDF%29%5BPCA%5D-%3E%28result%29%2C%28result%29-%3E%28plot%29.png\" title=\"title\" />\n</div>"}]},"apps":[],"jobName":"paragraph_1573638188530_136845178","id":"20170810-105555_1295989614","dateCreated":"2019-11-13T09:43:08+0000","dateStarted":"2019-11-13T09:47:23+0000","dateFinished":"2019-11-13T09:47:23+0000","status":"FINISHED","progressUpdateIntervalMs":500,"focus":true,"$$hashKey":"object:3047"},{"text":"%sh\nif ! hdfs dfs -test -e \"/user/zeppelin\"; then\n    hdfs dfs -mkdir /user/zeppelin\nfi\nif ! hdfs dfs -test -e \"/user/zeppelin/dataset\"; then\n    hdfs dfs -mkdir /user/zeppelin/dataset\nfi\nif ! hdfs dfs -test -e \"/user/zeppelin/dataset/iris.csv\"; then\n    wget  https://github.com/praisan/hello-world/raw/master/iris.csv\n    hdfs dfs -put iris.csv /user/zeppelin/dataset\nfi","user":"anonymous","dateUpdated":"2019-11-13T09:43:08+0000","config":{"tableHide":false,"editorSetting":{"language":"sh","editOnDblClick":false,"completionSupport":false},"colWidth":12,"editorMode":"ace/mode/sh","editorHide":false,"results":{},"enabled":true,"fontSize":9},"settings":{"params":{},"forms":{}},"apps":[],"jobName":"paragraph_1573638188532_1681217678","id":"20180319-180706_1960388324","dateCreated":"2019-11-13T09:43:08+0000","status":"READY","errorMessage":"","progressUpdateIntervalMs":500,"$$hashKey":"object:3048"},{"title":"Iris data set","text":"%pyspark\nSparkDF= spark.read.csv('/user/zeppelin/dataset/iris.csv', inferSchema='true',header='true')\nSparkDF.show(5)\nfeatures=SparkDF.columns;","user":"anonymous","dateUpdated":"2019-11-20T15:50:33+0000","config":{"editorSetting":{"language":"python","editOnDblClick":false,"completionKey":"TAB","completionSupport":true},"colWidth":12,"editorMode":"ace/mode/python","title":true,"results":{},"enabled":true,"fontSize":9},"settings":{"params":{},"forms":{}},"results":{"code":"SUCCESS","msg":[{"type":"TEXT","data":"+------------+-----------+------------+-----------+-----------+\n|sepal_length|sepal_width|petal_length|petal_width|      Class|\n+------------+-----------+------------+-----------+-----------+\n|         5.1|        3.5|         1.4|        0.2|Iris-setosa|\n|         4.9|        3.0|         1.4|        0.2|Iris-setosa|\n|         4.7|        3.2|         1.3|        0.2|Iris-setosa|\n|         4.6|        3.1|         1.5|        0.2|Iris-setosa|\n|         5.0|        3.6|         1.4|        0.2|Iris-setosa|\n+------------+-----------+------------+-----------+-----------+\nonly showing top 5 rows\n\n"}]},"apps":[],"jobName":"paragraph_1573638188532_-1340458205","id":"20170810-090520_447080652","dateCreated":"2019-11-13T09:43:08+0000","status":"FINISHED","progressUpdateIntervalMs":500,"$$hashKey":"object:3049","dateFinished":"2019-11-20T15:50:33+0000","dateStarted":"2019-11-20T15:50:33+0000","runtimeInfos":{"jobUrl":{"propertyName":"jobUrl","label":"SPARK JOB","tooltip":"View in Spark web UI","group":"spark","values":["http://cluster-c5af-m.c.crack-lacing-186408.internal:4040/jobs/job?id=39","http://cluster-c5af-m.c.crack-lacing-186408.internal:4040/jobs/job?id=40","http://cluster-c5af-m.c.crack-lacing-186408.internal:4040/jobs/job?id=41"],"interpreterSettingId":"spark"}}},{"text":"%md\n# Outlier/Anomaly dection on hadoop cluster\n## Z-score method","user":"anonymous","dateUpdated":"2019-11-13T09:43:08+0000","config":{"tableHide":false,"editorSetting":{"language":"markdown","editOnDblClick":true},"colWidth":12,"editorMode":"ace/mode/markdown","editorHide":true,"results":{},"enabled":true,"fontSize":9},"settings":{"params":{},"forms":{}},"results":{"code":"SUCCESS","msg":[{"type":"HTML","data":"<div class=\"markdown-body\">\n<h1>Outlier/Anomaly dection on hadoop cluster</h1>\n<h2>Z-score method</h2>\n</div>"}]},"apps":[],"jobName":"paragraph_1573638188532_-1910613742","id":"20170811-152956_122079457","dateCreated":"2019-11-13T09:43:08+0000","status":"READY","errorMessage":"","progressUpdateIntervalMs":500,"$$hashKey":"object:3050"},{"title":"Detect","text":"%pyspark\nimport numpy as np\n\nstats=SparkDF.describe()\nstatsLocal=stats.rdd.collect()\n\ntheMean=np.array([float(b) for b in statsLocal[1][1:5]])\nstdv=np.array([float(b) for b in statsLocal[2][1:5]])\n\nupperBC=sc.broadcast(theMean+3*stdv)\nlowerBC=sc.broadcast(theMean-3*stdv)\n\n\ndef anormalyLabel(row0):\n    size=len(row0)-1\n    row=row0[0:size]\n    for i in range(len(row)):\n        if row[i] > upperBC.value[i]:\n            return row+('abnormal',)\n        if row[i] < lowerBC.value[i]:\n            return row+('abnormal',)\n    return row+('normal',)\n\ncleanDF=SparkDF.rdd.map(anormalyLabel).toDF(features[0:-1]+['detect'])\nz.show(cleanDF.sample(False,1.0,seed=0))","user":"anonymous","dateUpdated":"2019-11-20T15:50:37+0000","config":{"editorSetting":{"language":"python","editOnDblClick":false,"completionKey":"TAB","completionSupport":true},"colWidth":12,"editorMode":"ace/mode/python","title":true,"results":{"0":{"graph":{"mode":"scatterChart","height":300,"optionOpen":false,"setting":{"scatterChart":{"xAxis":{"name":"sepal_length","index":0,"aggr":"sum"},"yAxis":{"name":"sepal_width","index":1,"aggr":"sum"},"group":{"name":"detect","index":4,"aggr":"sum"}}}},"helium":{}}},"enabled":true,"fontSize":9},"settings":{"params":{},"forms":{}},"results":{"code":"SUCCESS","msg":[{"type":"TABLE","data":"sepal_length\tsepal_width\tpetal_length\tpetal_width\tdetect\n5.1\t3.5\t1.4\t0.2\tnormal\n4.9\t3.0\t1.4\t0.2\tnormal\n4.7\t3.2\t1.3\t0.2\tnormal\n4.6\t3.1\t1.5\t0.2\tnormal\n5.0\t3.6\t1.4\t0.2\tnormal\n5.4\t3.9\t1.7\t0.4\tnormal\n4.6\t3.4\t1.4\t0.3\tnormal\n5.0\t3.4\t1.5\t0.2\tnormal\n4.4\t2.9\t1.4\t0.2\tnormal\n4.9\t3.1\t1.5\t0.1\tnormal\n5.4\t3.7\t1.5\t0.2\tnormal\n4.8\t3.4\t1.6\t0.2\tnormal\n4.8\t3.0\t1.4\t0.1\tnormal\n4.3\t3.0\t1.1\t0.1\tnormal\n5.8\t4.0\t1.2\t0.2\tnormal\n5.7\t4.4\t1.5\t0.4\tabnormal\n5.4\t3.9\t1.3\t0.4\tnormal\n5.1\t3.5\t1.4\t0.3\tnormal\n5.7\t3.8\t1.7\t0.3\tnormal\n5.1\t3.8\t1.5\t0.3\tnormal\n5.4\t3.4\t1.7\t0.2\tnormal\n5.1\t3.7\t1.5\t0.4\tnormal\n4.6\t3.6\t1.0\t0.2\tnormal\n5.1\t3.3\t1.7\t0.5\tnormal\n4.8\t3.4\t1.9\t0.2\tnormal\n5.0\t3.0\t1.6\t0.2\tnormal\n5.0\t3.4\t1.6\t0.4\tnormal\n5.2\t3.5\t1.5\t0.2\tnormal\n5.2\t3.4\t1.4\t0.2\tnormal\n4.7\t3.2\t1.6\t0.2\tnormal\n4.8\t3.1\t1.6\t0.2\tnormal\n5.4\t3.4\t1.5\t0.4\tnormal\n5.2\t4.1\t1.5\t0.1\tnormal\n5.5\t4.2\t1.4\t0.2\tnormal\n4.9\t3.1\t1.5\t0.1\tnormal\n5.0\t3.2\t1.2\t0.2\tnormal\n5.5\t3.5\t1.3\t0.2\tnormal\n4.9\t3.1\t1.5\t0.1\tnormal\n4.4\t3.0\t1.3\t0.2\tnormal\n5.1\t3.4\t1.5\t0.2\tnormal\n5.0\t3.5\t1.3\t0.3\tnormal\n4.5\t2.3\t1.3\t0.3\tnormal\n4.4\t3.2\t1.3\t0.2\tnormal\n5.0\t3.5\t1.6\t0.6\tnormal\n5.1\t3.8\t1.9\t0.4\tnormal\n4.8\t3.0\t1.4\t0.3\tnormal\n5.1\t3.8\t1.6\t0.2\tnormal\n4.6\t3.2\t1.4\t0.2\tnormal\n5.3\t3.7\t1.5\t0.2\tnormal\n5.0\t3.3\t1.4\t0.2\tnormal\n7.0\t3.2\t4.7\t1.4\tnormal\n6.4\t3.2\t4.5\t1.5\tnormal\n6.9\t3.1\t4.9\t1.5\tnormal\n5.5\t2.3\t4.0\t1.3\tnormal\n6.5\t2.8\t4.6\t1.5\tnormal\n5.7\t2.8\t4.5\t1.3\tnormal\n6.3\t3.3\t4.7\t1.6\tnormal\n4.9\t2.4\t3.3\t1.0\tnormal\n6.6\t2.9\t4.6\t1.3\tnormal\n5.2\t2.7\t3.9\t1.4\tnormal\n5.0\t2.0\t3.5\t1.0\tnormal\n5.9\t3.0\t4.2\t1.5\tnormal\n6.0\t2.2\t4.0\t1.0\tnormal\n6.1\t2.9\t4.7\t1.4\tnormal\n5.6\t2.9\t3.6\t1.3\tnormal\n6.7\t3.1\t4.4\t1.4\tnormal\n5.6\t3.0\t4.5\t1.5\tnormal\n5.8\t2.7\t4.1\t1.0\tnormal\n6.2\t2.2\t4.5\t1.5\tnormal\n5.6\t2.5\t3.9\t1.1\tnormal\n5.9\t3.2\t4.8\t1.8\tnormal\n6.1\t2.8\t4.0\t1.3\tnormal\n6.3\t2.5\t4.9\t1.5\tnormal\n6.1\t2.8\t4.7\t1.2\tnormal\n6.4\t2.9\t4.3\t1.3\tnormal\n6.6\t3.0\t4.4\t1.4\tnormal\n6.8\t2.8\t4.8\t1.4\tnormal\n6.7\t3.0\t5.0\t1.7\tnormal\n6.0\t2.9\t4.5\t1.5\tnormal\n5.7\t2.6\t3.5\t1.0\tnormal\n5.5\t2.4\t3.8\t1.1\tnormal\n5.5\t2.4\t3.7\t1.0\tnormal\n5.8\t2.7\t3.9\t1.2\tnormal\n6.0\t2.7\t5.1\t1.6\tnormal\n5.4\t3.0\t4.5\t1.5\tnormal\n6.0\t3.4\t4.5\t1.6\tnormal\n6.7\t3.1\t4.7\t1.5\tnormal\n6.3\t2.3\t4.4\t1.3\tnormal\n5.6\t3.0\t4.1\t1.3\tnormal\n5.5\t2.5\t4.0\t1.3\tnormal\n5.5\t2.6\t4.4\t1.2\tnormal\n6.1\t3.0\t4.6\t1.4\tnormal\n5.8\t2.6\t4.0\t1.2\tnormal\n5.0\t2.3\t3.3\t1.0\tnormal\n5.6\t2.7\t4.2\t1.3\tnormal\n5.7\t3.0\t4.2\t1.2\tnormal\n5.7\t2.9\t4.2\t1.3\tnormal\n6.2\t2.9\t4.3\t1.3\tnormal\n5.1\t2.5\t3.0\t1.1\tnormal\n5.7\t2.8\t4.1\t1.3\tnormal\n6.3\t3.3\t6.0\t2.5\tnormal\n5.8\t2.7\t5.1\t1.9\tnormal\n7.1\t3.0\t5.9\t2.1\tnormal\n6.3\t2.9\t5.6\t1.8\tnormal\n6.5\t3.0\t5.8\t2.2\tnormal\n7.6\t3.0\t6.6\t2.1\tnormal\n4.9\t2.5\t4.5\t1.7\tnormal\n7.3\t2.9\t6.3\t1.8\tnormal\n6.7\t2.5\t5.8\t1.8\tnormal\n7.2\t3.6\t6.1\t2.5\tnormal\n6.5\t3.2\t5.1\t2.0\tnormal\n6.4\t2.7\t5.3\t1.9\tnormal\n6.8\t3.0\t5.5\t2.1\tnormal\n5.7\t2.5\t5.0\t2.0\tnormal\n5.8\t2.8\t5.1\t2.4\tnormal\n6.4\t3.2\t5.3\t2.3\tnormal\n6.5\t3.0\t5.5\t1.8\tnormal\n7.7\t3.8\t6.7\t2.2\tnormal\n7.7\t2.6\t6.9\t2.3\tnormal\n6.0\t2.2\t5.0\t1.5\tnormal\n6.9\t3.2\t5.7\t2.3\tnormal\n5.6\t2.8\t4.9\t2.0\tnormal\n7.7\t2.8\t6.7\t2.0\tnormal\n6.3\t2.7\t4.9\t1.8\tnormal\n6.7\t3.3\t5.7\t2.1\tnormal\n7.2\t3.2\t6.0\t1.8\tnormal\n6.2\t2.8\t4.8\t1.8\tnormal\n6.1\t3.0\t4.9\t1.8\tnormal\n6.4\t2.8\t5.6\t2.1\tnormal\n7.2\t3.0\t5.8\t1.6\tnormal\n7.4\t2.8\t6.1\t1.9\tnormal\n7.9\t3.8\t6.4\t2.0\tnormal\n6.4\t2.8\t5.6\t2.2\tnormal\n6.3\t2.8\t5.1\t1.5\tnormal\n6.1\t2.6\t5.6\t1.4\tnormal\n7.7\t3.0\t6.1\t2.3\tnormal\n6.3\t3.4\t5.6\t2.4\tnormal\n6.4\t3.1\t5.5\t1.8\tnormal\n6.0\t3.0\t4.8\t1.8\tnormal\n6.9\t3.1\t5.4\t2.1\tnormal\n6.7\t3.1\t5.6\t2.4\tnormal\n6.9\t3.1\t5.1\t2.3\tnormal\n5.8\t2.7\t5.1\t1.9\tnormal\n6.8\t3.2\t5.9\t2.3\tnormal\n6.7\t3.3\t5.7\t2.5\tnormal\n6.7\t3.0\t5.2\t2.3\tnormal\n6.3\t2.5\t5.0\t1.9\tnormal\n6.5\t3.0\t5.2\t2.0\tnormal\n6.2\t3.4\t5.4\t2.3\tnormal\n5.9\t3.0\t5.1\t1.8\tnormal\n"}]},"apps":[],"jobName":"paragraph_1573638188533_698976784","id":"20180322-162628_1594615273","dateCreated":"2019-11-13T09:43:08+0000","status":"FINISHED","progressUpdateIntervalMs":500,"$$hashKey":"object:3051","dateFinished":"2019-11-20T15:50:38+0000","dateStarted":"2019-11-20T15:50:37+0000","runtimeInfos":{"jobUrl":{"propertyName":"jobUrl","label":"SPARK JOB","tooltip":"View in Spark web UI","group":"spark","values":["http://cluster-c5af-m.c.crack-lacing-186408.internal:4040/jobs/job?id=42","http://cluster-c5af-m.c.crack-lacing-186408.internal:4040/jobs/job?id=43","http://cluster-c5af-m.c.crack-lacing-186408.internal:4040/jobs/job?id=44","http://cluster-c5af-m.c.crack-lacing-186408.internal:4040/jobs/job?id=45"],"interpreterSettingId":"spark"}}},{"title":"แสดงผลโดยใช้ PCA ช่วยลดมิติ","text":"%pyspark\r\n\r\ndef row2DenseVector2(row):\r\n    return tuple([row[-1],Vectors.dense([float(row1) for row1 in row[0:-1]])])\r\n    \r\ndf = cleanDF.rdd.map(row2DenseVector2).toDF([\"detect\",\"features\"])\r\ndf.show(5)\r\n\r\nfrom pyspark.ml.feature import PCA\r\n\r\npca = PCA(k=2, inputCol=\"features\", outputCol=\"pcaFeatures\")\r\nmodel = pca.fit(df)\r\nresult = model.transform(df)\r\nresult.show(5,truncate=False)\r\n\r\ndef extract(row):\r\n    return (row[0], float(row.pcaFeatures.values[0]),float(row.pcaFeatures.values[1]))\r\n\r\nresultDF=result.rdd.map(extract).toDF(['detect','PC1','PC2'])\r\nz.show(resultDF.sample(False,1.0,seed=0))","user":"anonymous","dateUpdated":"2019-11-13T09:43:08+0000","config":{"editorSetting":{"language":"python","editOnDblClick":false,"completionKey":"TAB","completionSupport":true},"colWidth":12,"editorMode":"ace/mode/python","title":true,"results":{"1":{"graph":{"mode":"scatterChart","height":300,"optionOpen":false,"setting":{"scatterChart":{"xAxis":{"name":"PC1","index":1,"aggr":"sum"},"yAxis":{"name":"PC2","index":2,"aggr":"sum"},"group":{"name":"detect","index":0,"aggr":"sum"}}}},"helium":{}}},"enabled":true,"fontSize":9},"settings":{"params":{},"forms":{}},"results":{"code":"SUCCESS","msg":[{"type":"TEXT","data":"+------+-----------------+\n|detect|         features|\n+------+-----------------+\n|normal|[5.1,3.5,1.4,0.2]|\n|normal|[4.9,3.0,1.4,0.2]|\n|normal|[4.7,3.2,1.3,0.2]|\n|normal|[4.6,3.1,1.5,0.2]|\n|normal|[5.0,3.6,1.4,0.2]|\n+------+-----------------+\nonly showing top 5 rows\n\n+------+-----------------+----------------------------------------+\n|detect|features         |pcaFeatures                             |\n+------+-----------------+----------------------------------------+\n|normal|[5.1,3.5,1.4,0.2]|[-2.8271359726790264,-5.641331045573321]|\n|normal|[4.9,3.0,1.4,0.2]|[-2.7959524821488433,-5.145166883252896]|\n|normal|[4.7,3.2,1.3,0.2]|[-2.621523558165058,-5.177378121203908] |\n|normal|[4.6,3.1,1.5,0.2]|[-2.76490590047424,-5.003599415056946]  |\n|normal|[5.0,3.6,1.4,0.2]|[-2.7827501159516603,-5.648648294377395]|\n+------+-----------------+----------------------------------------+\nonly showing top 5 rows\n\n"},{"type":"TABLE","data":"detect\tPC1\tPC2\nnormal\t-2.8271359726790264\t-5.641331045573321\nnormal\t-2.7959524821488433\t-5.145166883252896\nnormal\t-2.621523558165058\t-5.177378121203908\nnormal\t-2.76490590047424\t-5.003599415056946\nnormal\t-2.7827501159516603\t-5.648648294377395\nnormal\t-3.2314457367733773\t-6.062506444034077\nnormal\t-2.6904524156023446\t-5.232619219784269\nnormal\t-2.884861104459156\t-5.485129079769225\nnormal\t-2.62338453244734\t-4.743925704477345\nnormal\t-2.8374984110638537\t-5.208032027056187\nnormal\t-3.0048163084440715\t-5.966658744481503\nnormal\t-2.8982003795119193\t-5.3362443627692\nnormal\t-2.7239091217858764\t-5.086983541937818\nnormal\t-2.286142651507994\t-4.811443821323513\nnormal\t-2.8677998808418286\t-6.500918630222374\nabnormal\t-3.1274737739836\t-6.659478075368812\nnormal\t-2.8888168946571664\t-6.132813405405535\nnormal\t-2.8630203653038477\t-5.63386039855982\nnormal\t-3.3122651363522126\t-6.193967818900665\nnormal\t-2.9239969088652367\t-5.8351973696149155\nnormal\t-3.2008113964698413\t-5.712591552397814\nnormal\t-2.9681081904792794\t-5.754755485468761\nnormal\t-2.295485402882869\t-5.456339302434534\nnormal\t-3.2082145601190923\t-5.420246409238917\nnormal\t-3.155172011099077\t-5.283514141740606\nnormal\t-3.003425870945094\t-5.175667390895748\nnormal\t-3.0422871002378518\t-5.452611045399357\nnormal\t-2.948952150946224\t-5.689408293559037\nnormal\t-2.871521829406393\t-5.634013796769247\nnormal\t-2.8784951897522166\t-5.124647900175315\nnormal\t-2.922881046479583\t-5.11733065137124\nnormal\t-3.101265760661379\t-5.732803739056541\nnormal\t-2.8637064243860744\t-6.134706363368457\nnormal\t-2.914183620707057\t-6.414745658816212\nnormal\t-2.8374984110638537\t-5.208032027056187\nnormal\t-2.64434325085044\t-5.391916826532512\nnormal\t-2.8861146331025536\t-5.921523739230505\nnormal\t-2.8374984110638537\t-5.208032027056187\nnormal\t-2.5295004329290665\t-4.834473681952863\nnormal\t-2.9210200721973005\t-5.550783068097804\nnormal\t-2.74120418703665\t-5.585783150574105\nnormal\t-2.6591320162165815\t-4.381858363339369\nnormal\t-2.5130466549506236\t-4.980416156218169\nnormal\t-3.1058289964982735\t-5.510640988505008\nnormal\t-3.3025101436062694\t-5.757419761229955\nnormal\t-2.79567790703552\t-5.072042247910815\nnormal\t-2.973769726769468\t-5.825091276285551\nnormal\t-2.6710218009559656\t-5.094147392532463\nnormal\t-2.9686573407059265\t-5.901004756152923\nnormal\t-2.807430782919324\t-5.429734582979435\nnormal\t-6.796137685628046\t-6.000162916941832\nnormal\t-6.4437538507658925\t-5.633921820642581\nnormal\t-6.97540442056205\t-5.8189135637813685\nnormal\t-5.6923103041306735\t-4.48911978723281\nnormal\t-6.5984775849899755\t-5.390114120097684\nnormal\t-6.15177984730612\t-4.897400247838913\nnormal\t-6.606566807721453\t-5.5986149417474245\nnormal\t-4.7598759571347475\t-4.313616217834541\nnormal\t-6.554640878489256\t-5.543680639585919\nnormal\t-5.501153027055122\t-4.594148864107047\nnormal\t-5.000256901887883\t-4.052231776946779\nnormal\t-6.022441158466453\t-5.21243962576297\nnormal\t-5.773678853936154\t-4.76683043278356\nnormal\t-6.495387642952405\t-5.190363310586655\nnormal\t-5.336479095817278\t-5.062908159728767\nnormal\t-6.438916039815674\t-5.782959935852032\nnormal\t-6.170935886839176\t-4.962747439748637\nnormal\t-5.74588368404281\t-4.982801901446802\nnormal\t-6.4537048051818156\t-4.772901472658891\nnormal\t-5.554589498111679\t-4.733234284196564\nnormal\t-6.627583821536791\t-5.230509716930586\nnormal\t-5.868129665613436\t-5.247899902867555\nnormal\t-6.807811948068508\t-4.98716221101397\nnormal\t-6.431845746691983\t-5.132333367481004\nnormal\t-6.225351311425807\t-5.465102883957353\nnormal\t-6.4109839610667505\t-5.644334710390799\nnormal\t-6.842384516637694\t-5.559393251411196\nnormal\t-7.0687393698536765\t-5.582116315621689\nnormal\t-6.323798646780977\t-5.152392155930302\nnormal\t-5.20400834211957\t-4.949637118042756\nnormal\t-5.441000208833702\t-4.612185799078195\nnormal\t-5.319458605679829\t-4.63723318643456\nnormal\t-5.646338048234348\t-5.0030140881055285\nnormal\t-6.890080080558557\t-4.893518592594308\nnormal\t-6.098617951362886\t-4.831439463091478\nnormal\t-6.318548594459692\t-5.509777694580068\nnormal\t-6.731772064027655\t-5.722759067809938\nnormal\t-6.324210888152044\t-4.944044732489989\nnormal\t-5.756538259473321\t-5.0479956951470975\nnormal\t-5.675856526152231\t-4.635062261498117\nnormal\t-5.974374086654398\t-4.645197184272813\nnormal\t-6.401503543434131\t-5.280911288062173\nnormal\t-5.740222147752622\t-4.91246611063001\nnormal\t-4.804261813862113\t-4.306298969030467\nnormal\t-5.866876136970038\t-4.811505243406273\nnormal\t-5.842470045115698\t-5.103543590146314\nnormal\t-5.886581326729741\t-5.02310170600016\nnormal\t-6.1530333759495175\t-5.333794907300194\nnormal\t-4.602879764659479\t-4.563155005639445\nnormal\t-5.809151005189909\t-4.967707209210372\nnormal\t-8.043070078222534\t-5.302881494168673\nnormal\t-6.925415322956733\t-4.739798674896645\nnormal\t-8.127827706067018\t-5.656659017796223\nnormal\t-7.482158043689457\t-5.133598036104027\nnormal\t-7.861101081733918\t-5.2728411811541065\nnormal\t-8.908223018461111\t-5.8618917770390695\nnormal\t-6.030726342867911\t-4.12337204175831\nnormal\t-8.443348194774275\t-5.667100736989774\nnormal\t-7.831015891657029\t-5.069175560202005\nnormal\t-8.429477331427227\t-6.0951043601809864\nnormal\t-7.173278044802462\t-5.556762131846468\nnormal\t-7.313683550443708\t-5.0985691241823945\nnormal\t-7.676721960736372\t-5.530004014181941\nnormal\t-6.855937315292799\t-4.538308305632122\nnormal\t-7.096610397091618\t-4.775416676961791\nnormal\t-7.416086675996888\t-5.433542721791655\nnormal\t-7.460591879647473\t-5.355453990236706\nnormal\t-9.000108477439362\t-6.486268275072508\nnormal\t-9.306029958992946\t-5.56798930178144\nnormal\t-6.80967292235079\t-4.553709794287408\nnormal\t-7.939510356803823\t-5.691505702063096\nnormal\t-6.709440470057937\t-4.709144769044366\nnormal\t-9.010608582081932\t-5.7714971977729785\nnormal\t-6.899011347964531\t-5.110692744238774\nnormal\t-7.78719674708867\t-5.648110256565591\nnormal\t-8.125536928481308\t-5.8730906810877475\nnormal\t-6.768968280708112\t-5.135586733385712\nnormal\t-6.802012745520576\t-5.198298478979574\nnormal\t-7.634197078291288\t-5.103868846259451\nnormal\t-7.898907500152003\t-5.777242981535173\nnormal\t-8.352304023068358\t-5.687466321857928\nnormal\t-8.74368599607885\t-6.685247766785264\nnormal\t-7.670081470916109\t-5.09639819924595\nnormal\t-6.954445702158949\t-5.170922441726201\nnormal\t-7.290983204681544\t-4.8132589361029146\nnormal\t-8.587864718803637\t-6.000488173054969\nnormal\t-7.656329954492279\t-5.453630339686286\nnormal\t-7.4162060229201066\t-5.362771239040779\nnormal\t-6.680196567253379\t-5.150221230993859\nnormal\t-7.618996828956243\t-5.686205979986038\nnormal\t-7.825646492412524\t-5.497332581602645\nnormal\t-7.433793982618727\t-5.72399490698763\nnormal\t-6.925415322956733\t-4.739798674896645\nnormal\t-8.074665810123784\t-5.590698233048787\nnormal\t-7.930734317587955\t-5.618227668511587\nnormal\t-7.455360146660713\t-5.502138952854953\nnormal\t-7.037006729096847\t-4.939702882617102\nnormal\t-7.275389033309958\t-5.393242917238297\nnormal\t-7.412972173071209\t-5.430600479056936\nnormal\t-6.901009231102392\t-5.031837021636686\n"}]},"apps":[],"jobName":"paragraph_1573638188533_-202222791","id":"20180322-165907_309839338","dateCreated":"2019-11-13T09:43:08+0000","status":"READY","errorMessage":"","progressUpdateIntervalMs":500,"$$hashKey":"object:3052"},{"text":"%md\n# Outlier/Anomaly dection on hadoop cluster\n## IQR method","user":"anonymous","dateUpdated":"2019-11-13T09:43:08+0000","config":{"tableHide":false,"editorSetting":{"language":"markdown","editOnDblClick":true},"colWidth":12,"editorMode":"ace/mode/markdown","editorHide":true,"results":{},"enabled":true,"fontSize":9},"settings":{"params":{},"forms":{}},"results":{"code":"SUCCESS","msg":[{"type":"HTML","data":"<div class=\"markdown-body\">\n<h1>Outlier/Anomaly dection on hadoop cluster</h1>\n<h2>IQR method</h2>\n</div>"}]},"apps":[],"jobName":"paragraph_1573638188533_659475903","id":"20170903-083852_923422927","dateCreated":"2019-11-13T09:43:08+0000","status":"READY","errorMessage":"","progressUpdateIntervalMs":500,"$$hashKey":"object:3053"},{"text":"%pyspark\nQ=[1,2,3,4]\nupper=[1,2,3,4]\nlower=[1,2,3,4]\nfor i in range(4):\n    Q[i]=SparkDF.approxQuantile(features[i],[0.25, 0.5, 0.75],0.01)\n    IQR=Q[i][2]-Q[i][0]\n    ss = 1.5*IQR # or ss = IQR/(2 * 0.6745)  #\n    upper[i]=Q[i][1]+ss\n    lower[i]=Q[i][1]-ss\n    \nupperBC=sc.broadcast(upper)\nlowerBC=sc.broadcast(lower)\nprint(upper)\nprint(lower)\n\ncleanDF=SparkDF.rdd.map(anomalyLabel).toDF(features[0:-1]+['detect'])\nz.show(cleanDF.sample(False,1.0,seed=0))","user":"anonymous","dateUpdated":"2019-11-13T09:43:08+0000","config":{"colWidth":12,"editorMode":"ace/mode/python","results":{"0":{"graph":{"mode":"scatterChart","height":300,"optionOpen":true,"setting":{"scatterChart":{"xAxis":{"name":"sepal_length","index":0,"aggr":"sum"},"yAxis":{"name":"sepal_width","index":1,"aggr":"sum"},"group":{"name":"detect","index":4,"aggr":"sum"}}}},"helium":{}},"1":{"graph":{"mode":"scatterChart","height":300,"optionOpen":false,"setting":{"scatterChart":{"xAxis":{"name":"sepal_width","index":1,"aggr":"sum"},"yAxis":{"name":"petal_width","index":3,"aggr":"sum"},"group":{"name":"detect","index":4,"aggr":"sum"}}}},"helium":{}}},"enabled":true,"editorSetting":{"language":"python","editOnDblClick":false,"completionKey":"TAB","completionSupport":true},"fontSize":9},"settings":{"params":{},"forms":{}},"results":{"code":"SUCCESS","msg":[{"type":"TEXT","data":"[7.750000000000001, 3.75, 9.7, 3.55]\n[3.8499999999999988, 2.25, -1.0999999999999996, -0.95]\n"},{"type":"TABLE","data":"sepal_length\tsepal_width\tpetal_length\tpetal_width\tdetect\n5.1\t3.5\t1.4\t0.2\tnormal\n4.9\t3.0\t1.4\t0.2\tnormal\n4.7\t3.2\t1.3\t0.2\tnormal\n4.6\t3.1\t1.5\t0.2\tnormal\n5.0\t3.6\t1.4\t0.2\tnormal\n5.4\t3.9\t1.7\t0.4\tabnormal\n4.6\t3.4\t1.4\t0.3\tnormal\n5.0\t3.4\t1.5\t0.2\tnormal\n4.4\t2.9\t1.4\t0.2\tnormal\n4.9\t3.1\t1.5\t0.1\tnormal\n5.4\t3.7\t1.5\t0.2\tnormal\n4.8\t3.4\t1.6\t0.2\tnormal\n4.8\t3.0\t1.4\t0.1\tnormal\n4.3\t3.0\t1.1\t0.1\tnormal\n5.8\t4.0\t1.2\t0.2\tabnormal\n5.7\t4.4\t1.5\t0.4\tabnormal\n5.4\t3.9\t1.3\t0.4\tabnormal\n5.1\t3.5\t1.4\t0.3\tnormal\n5.7\t3.8\t1.7\t0.3\tabnormal\n5.1\t3.8\t1.5\t0.3\tabnormal\n5.4\t3.4\t1.7\t0.2\tnormal\n5.1\t3.7\t1.5\t0.4\tnormal\n4.6\t3.6\t1.0\t0.2\tnormal\n5.1\t3.3\t1.7\t0.5\tnormal\n4.8\t3.4\t1.9\t0.2\tnormal\n5.0\t3.0\t1.6\t0.2\tnormal\n5.0\t3.4\t1.6\t0.4\tnormal\n5.2\t3.5\t1.5\t0.2\tnormal\n5.2\t3.4\t1.4\t0.2\tnormal\n4.7\t3.2\t1.6\t0.2\tnormal\n4.8\t3.1\t1.6\t0.2\tnormal\n5.4\t3.4\t1.5\t0.4\tnormal\n5.2\t4.1\t1.5\t0.1\tabnormal\n5.5\t4.2\t1.4\t0.2\tabnormal\n4.9\t3.1\t1.5\t0.1\tnormal\n5.0\t3.2\t1.2\t0.2\tnormal\n5.5\t3.5\t1.3\t0.2\tnormal\n4.9\t3.1\t1.5\t0.1\tnormal\n4.4\t3.0\t1.3\t0.2\tnormal\n5.1\t3.4\t1.5\t0.2\tnormal\n5.0\t3.5\t1.3\t0.3\tnormal\n4.5\t2.3\t1.3\t0.3\tnormal\n4.4\t3.2\t1.3\t0.2\tnormal\n5.0\t3.5\t1.6\t0.6\tnormal\n5.1\t3.8\t1.9\t0.4\tabnormal\n4.8\t3.0\t1.4\t0.3\tnormal\n5.1\t3.8\t1.6\t0.2\tabnormal\n4.6\t3.2\t1.4\t0.2\tnormal\n5.3\t3.7\t1.5\t0.2\tnormal\n5.0\t3.3\t1.4\t0.2\tnormal\n7.0\t3.2\t4.7\t1.4\tnormal\n6.4\t3.2\t4.5\t1.5\tnormal\n6.9\t3.1\t4.9\t1.5\tnormal\n5.5\t2.3\t4.0\t1.3\tnormal\n6.5\t2.8\t4.6\t1.5\tnormal\n5.7\t2.8\t4.5\t1.3\tnormal\n6.3\t3.3\t4.7\t1.6\tnormal\n4.9\t2.4\t3.3\t1.0\tnormal\n6.6\t2.9\t4.6\t1.3\tnormal\n5.2\t2.7\t3.9\t1.4\tnormal\n5.0\t2.0\t3.5\t1.0\tabnormal\n5.9\t3.0\t4.2\t1.5\tnormal\n6.0\t2.2\t4.0\t1.0\tabnormal\n6.1\t2.9\t4.7\t1.4\tnormal\n5.6\t2.9\t3.6\t1.3\tnormal\n6.7\t3.1\t4.4\t1.4\tnormal\n5.6\t3.0\t4.5\t1.5\tnormal\n5.8\t2.7\t4.1\t1.0\tnormal\n6.2\t2.2\t4.5\t1.5\tabnormal\n5.6\t2.5\t3.9\t1.1\tnormal\n5.9\t3.2\t4.8\t1.8\tnormal\n6.1\t2.8\t4.0\t1.3\tnormal\n6.3\t2.5\t4.9\t1.5\tnormal\n6.1\t2.8\t4.7\t1.2\tnormal\n6.4\t2.9\t4.3\t1.3\tnormal\n6.6\t3.0\t4.4\t1.4\tnormal\n6.8\t2.8\t4.8\t1.4\tnormal\n6.7\t3.0\t5.0\t1.7\tnormal\n6.0\t2.9\t4.5\t1.5\tnormal\n5.7\t2.6\t3.5\t1.0\tnormal\n5.5\t2.4\t3.8\t1.1\tnormal\n5.5\t2.4\t3.7\t1.0\tnormal\n5.8\t2.7\t3.9\t1.2\tnormal\n6.0\t2.7\t5.1\t1.6\tnormal\n5.4\t3.0\t4.5\t1.5\tnormal\n6.0\t3.4\t4.5\t1.6\tnormal\n6.7\t3.1\t4.7\t1.5\tnormal\n6.3\t2.3\t4.4\t1.3\tnormal\n5.6\t3.0\t4.1\t1.3\tnormal\n5.5\t2.5\t4.0\t1.3\tnormal\n5.5\t2.6\t4.4\t1.2\tnormal\n6.1\t3.0\t4.6\t1.4\tnormal\n5.8\t2.6\t4.0\t1.2\tnormal\n5.0\t2.3\t3.3\t1.0\tnormal\n5.6\t2.7\t4.2\t1.3\tnormal\n5.7\t3.0\t4.2\t1.2\tnormal\n5.7\t2.9\t4.2\t1.3\tnormal\n6.2\t2.9\t4.3\t1.3\tnormal\n5.1\t2.5\t3.0\t1.1\tnormal\n5.7\t2.8\t4.1\t1.3\tnormal\n6.3\t3.3\t6.0\t2.5\tnormal\n5.8\t2.7\t5.1\t1.9\tnormal\n7.1\t3.0\t5.9\t2.1\tnormal\n6.3\t2.9\t5.6\t1.8\tnormal\n6.5\t3.0\t5.8\t2.2\tnormal\n7.6\t3.0\t6.6\t2.1\tnormal\n4.9\t2.5\t4.5\t1.7\tnormal\n7.3\t2.9\t6.3\t1.8\tnormal\n6.7\t2.5\t5.8\t1.8\tnormal\n7.2\t3.6\t6.1\t2.5\tnormal\n6.5\t3.2\t5.1\t2.0\tnormal\n6.4\t2.7\t5.3\t1.9\tnormal\n6.8\t3.0\t5.5\t2.1\tnormal\n5.7\t2.5\t5.0\t2.0\tnormal\n5.8\t2.8\t5.1\t2.4\tnormal\n6.4\t3.2\t5.3\t2.3\tnormal\n6.5\t3.0\t5.5\t1.8\tnormal\n7.7\t3.8\t6.7\t2.2\tabnormal\n7.7\t2.6\t6.9\t2.3\tnormal\n6.0\t2.2\t5.0\t1.5\tabnormal\n6.9\t3.2\t5.7\t2.3\tnormal\n5.6\t2.8\t4.9\t2.0\tnormal\n7.7\t2.8\t6.7\t2.0\tnormal\n6.3\t2.7\t4.9\t1.8\tnormal\n6.7\t3.3\t5.7\t2.1\tnormal\n7.2\t3.2\t6.0\t1.8\tnormal\n6.2\t2.8\t4.8\t1.8\tnormal\n6.1\t3.0\t4.9\t1.8\tnormal\n6.4\t2.8\t5.6\t2.1\tnormal\n7.2\t3.0\t5.8\t1.6\tnormal\n7.4\t2.8\t6.1\t1.9\tnormal\n7.9\t3.8\t6.4\t2.0\tabnormal\n6.4\t2.8\t5.6\t2.2\tnormal\n6.3\t2.8\t5.1\t1.5\tnormal\n6.1\t2.6\t5.6\t1.4\tnormal\n7.7\t3.0\t6.1\t2.3\tnormal\n6.3\t3.4\t5.6\t2.4\tnormal\n6.4\t3.1\t5.5\t1.8\tnormal\n6.0\t3.0\t4.8\t1.8\tnormal\n6.9\t3.1\t5.4\t2.1\tnormal\n6.7\t3.1\t5.6\t2.4\tnormal\n6.9\t3.1\t5.1\t2.3\tnormal\n5.8\t2.7\t5.1\t1.9\tnormal\n6.8\t3.2\t5.9\t2.3\tnormal\n6.7\t3.3\t5.7\t2.5\tnormal\n6.7\t3.0\t5.2\t2.3\tnormal\n6.3\t2.5\t5.0\t1.9\tnormal\n6.5\t3.0\t5.2\t2.0\tnormal\n6.2\t3.4\t5.4\t2.3\tnormal\n5.9\t3.0\t5.1\t1.8\tnormal\n"}]},"apps":[],"jobName":"paragraph_1573638188534_-1707863884","id":"20170811-155308_2094359771","dateCreated":"2019-11-13T09:43:08+0000","status":"READY","errorMessage":"","progressUpdateIntervalMs":500,"$$hashKey":"object:3054"},{"title":"แสดงผลโดยใช้ PCA ช่วยลดมิติ","text":"%pyspark\ndf = cleanDF.rdd.map(row2DenseVector2).toDF([\"detect\",\"features\"])\n\npca = PCA(k=2, inputCol=\"features\", outputCol=\"pcaFeatures\")\nmodel = pca.fit(df)\nresult = model.transform(df)\n\nresultDF=result.rdd.map(extract).toDF(['detect','PC1','PC2'])\nz.show(resultDF.sample(False,1.0,seed=0))","user":"anonymous","dateUpdated":"2019-11-13T09:43:08+0000","config":{"editorSetting":{"language":"python","editOnDblClick":false,"completionKey":"TAB","completionSupport":true},"colWidth":12,"editorMode":"ace/mode/python","title":true,"results":{"0":{"graph":{"mode":"scatterChart","height":300,"optionOpen":false,"setting":{"scatterChart":{"xAxis":{"name":"PC1","index":1,"aggr":"sum"},"yAxis":{"name":"PC2","index":2,"aggr":"sum"},"group":{"name":"detect","index":0,"aggr":"sum"}}}},"helium":{}}},"enabled":true,"fontSize":9},"settings":{"params":{},"forms":{}},"results":{"code":"SUCCESS","msg":[{"type":"TABLE","data":"detect\tPC1\tPC2\nnormal\t-2.8271359726790264\t-5.641331045573321\nnormal\t-2.7959524821488433\t-5.145166883252896\nnormal\t-2.621523558165058\t-5.177378121203908\nnormal\t-2.76490590047424\t-5.003599415056946\nnormal\t-2.7827501159516603\t-5.648648294377395\nabnormal\t-3.2314457367733773\t-6.062506444034077\nnormal\t-2.6904524156023446\t-5.232619219784269\nnormal\t-2.884861104459156\t-5.485129079769225\nnormal\t-2.62338453244734\t-4.743925704477345\nnormal\t-2.8374984110638537\t-5.208032027056187\nnormal\t-3.0048163084440715\t-5.966658744481503\nnormal\t-2.8982003795119193\t-5.3362443627692\nnormal\t-2.7239091217858764\t-5.086983541937818\nnormal\t-2.286142651507994\t-4.811443821323513\nabnormal\t-2.8677998808418286\t-6.500918630222374\nabnormal\t-3.1274737739836\t-6.659478075368812\nabnormal\t-2.8888168946571664\t-6.132813405405535\nnormal\t-2.8630203653038477\t-5.63386039855982\nabnormal\t-3.3122651363522126\t-6.193967818900665\nabnormal\t-2.9239969088652367\t-5.8351973696149155\nnormal\t-3.2008113964698413\t-5.712591552397814\nnormal\t-2.9681081904792794\t-5.754755485468761\nnormal\t-2.295485402882869\t-5.456339302434534\nnormal\t-3.2082145601190923\t-5.420246409238917\nnormal\t-3.155172011099077\t-5.283514141740606\nnormal\t-3.003425870945094\t-5.175667390895748\nnormal\t-3.0422871002378518\t-5.452611045399357\nnormal\t-2.948952150946224\t-5.689408293559037\nnormal\t-2.871521829406393\t-5.634013796769247\nnormal\t-2.8784951897522166\t-5.124647900175315\nnormal\t-2.922881046479583\t-5.11733065137124\nnormal\t-3.101265760661379\t-5.732803739056541\nabnormal\t-2.8637064243860744\t-6.134706363368457\nabnormal\t-2.914183620707057\t-6.414745658816212\nnormal\t-2.8374984110638537\t-5.208032027056187\nnormal\t-2.64434325085044\t-5.391916826532512\nnormal\t-2.8861146331025536\t-5.921523739230505\nnormal\t-2.8374984110638537\t-5.208032027056187\nnormal\t-2.5295004329290665\t-4.834473681952863\nnormal\t-2.9210200721973005\t-5.550783068097804\nnormal\t-2.74120418703665\t-5.585783150574105\nnormal\t-2.6591320162165815\t-4.381858363339369\nnormal\t-2.5130466549506236\t-4.980416156218169\nnormal\t-3.1058289964982735\t-5.510640988505008\nabnormal\t-3.3025101436062694\t-5.757419761229955\nnormal\t-2.79567790703552\t-5.072042247910815\nabnormal\t-2.973769726769468\t-5.825091276285551\nnormal\t-2.6710218009559656\t-5.094147392532463\nnormal\t-2.9686573407059265\t-5.901004756152923\nnormal\t-2.807430782919324\t-5.429734582979435\nnormal\t-6.796137685628046\t-6.000162916941832\nnormal\t-6.4437538507658925\t-5.633921820642581\nnormal\t-6.97540442056205\t-5.8189135637813685\nnormal\t-5.6923103041306735\t-4.48911978723281\nnormal\t-6.5984775849899755\t-5.390114120097684\nnormal\t-6.15177984730612\t-4.897400247838913\nnormal\t-6.606566807721453\t-5.5986149417474245\nnormal\t-4.7598759571347475\t-4.313616217834541\nnormal\t-6.554640878489256\t-5.543680639585919\nnormal\t-5.501153027055122\t-4.594148864107047\nabnormal\t-5.000256901887883\t-4.052231776946779\nnormal\t-6.022441158466453\t-5.21243962576297\nabnormal\t-5.773678853936154\t-4.76683043278356\nnormal\t-6.495387642952405\t-5.190363310586655\nnormal\t-5.336479095817278\t-5.062908159728767\nnormal\t-6.438916039815674\t-5.782959935852032\nnormal\t-6.170935886839176\t-4.962747439748637\nnormal\t-5.74588368404281\t-4.982801901446802\nabnormal\t-6.4537048051818156\t-4.772901472658891\nnormal\t-5.554589498111679\t-4.733234284196564\nnormal\t-6.627583821536791\t-5.230509716930586\nnormal\t-5.868129665613436\t-5.247899902867555\nnormal\t-6.807811948068508\t-4.98716221101397\nnormal\t-6.431845746691983\t-5.132333367481004\nnormal\t-6.225351311425807\t-5.465102883957353\nnormal\t-6.4109839610667505\t-5.644334710390799\nnormal\t-6.842384516637694\t-5.559393251411196\nnormal\t-7.0687393698536765\t-5.582116315621689\nnormal\t-6.323798646780977\t-5.152392155930302\nnormal\t-5.20400834211957\t-4.949637118042756\nnormal\t-5.441000208833702\t-4.612185799078195\nnormal\t-5.319458605679829\t-4.63723318643456\nnormal\t-5.646338048234348\t-5.0030140881055285\nnormal\t-6.890080080558557\t-4.893518592594308\nnormal\t-6.098617951362886\t-4.831439463091478\nnormal\t-6.318548594459692\t-5.509777694580068\nnormal\t-6.731772064027655\t-5.722759067809938\nnormal\t-6.324210888152044\t-4.944044732489989\nnormal\t-5.756538259473321\t-5.0479956951470975\nnormal\t-5.675856526152231\t-4.635062261498117\nnormal\t-5.974374086654398\t-4.645197184272813\nnormal\t-6.401503543434131\t-5.280911288062173\nnormal\t-5.740222147752622\t-4.91246611063001\nnormal\t-4.804261813862113\t-4.306298969030467\nnormal\t-5.866876136970038\t-4.811505243406273\nnormal\t-5.842470045115698\t-5.103543590146314\nnormal\t-5.886581326729741\t-5.02310170600016\nnormal\t-6.1530333759495175\t-5.333794907300194\nnormal\t-4.602879764659479\t-4.563155005639445\nnormal\t-5.809151005189909\t-4.967707209210372\nnormal\t-8.043070078222534\t-5.302881494168673\nnormal\t-6.925415322956733\t-4.739798674896645\nnormal\t-8.127827706067018\t-5.656659017796223\nnormal\t-7.482158043689457\t-5.133598036104027\nnormal\t-7.861101081733918\t-5.2728411811541065\nnormal\t-8.908223018461111\t-5.8618917770390695\nnormal\t-6.030726342867911\t-4.12337204175831\nnormal\t-8.443348194774275\t-5.667100736989774\nnormal\t-7.831015891657029\t-5.069175560202005\nnormal\t-8.429477331427227\t-6.0951043601809864\nnormal\t-7.173278044802462\t-5.556762131846468\nnormal\t-7.313683550443708\t-5.0985691241823945\nnormal\t-7.676721960736372\t-5.530004014181941\nnormal\t-6.855937315292799\t-4.538308305632122\nnormal\t-7.096610397091618\t-4.775416676961791\nnormal\t-7.416086675996888\t-5.433542721791655\nnormal\t-7.460591879647473\t-5.355453990236706\nabnormal\t-9.000108477439362\t-6.486268275072508\nnormal\t-9.306029958992946\t-5.56798930178144\nabnormal\t-6.80967292235079\t-4.553709794287408\nnormal\t-7.939510356803823\t-5.691505702063096\nnormal\t-6.709440470057937\t-4.709144769044366\nnormal\t-9.010608582081932\t-5.7714971977729785\nnormal\t-6.899011347964531\t-5.110692744238774\nnormal\t-7.78719674708867\t-5.648110256565591\nnormal\t-8.125536928481308\t-5.8730906810877475\nnormal\t-6.768968280708112\t-5.135586733385712\nnormal\t-6.802012745520576\t-5.198298478979574\nnormal\t-7.634197078291288\t-5.103868846259451\nnormal\t-7.898907500152003\t-5.777242981535173\nnormal\t-8.352304023068358\t-5.687466321857928\nabnormal\t-8.74368599607885\t-6.685247766785264\nnormal\t-7.670081470916109\t-5.09639819924595\nnormal\t-6.954445702158949\t-5.170922441726201\nnormal\t-7.290983204681544\t-4.8132589361029146\nnormal\t-8.587864718803637\t-6.000488173054969\nnormal\t-7.656329954492279\t-5.453630339686286\nnormal\t-7.4162060229201066\t-5.362771239040779\nnormal\t-6.680196567253379\t-5.150221230993859\nnormal\t-7.618996828956243\t-5.686205979986038\nnormal\t-7.825646492412524\t-5.497332581602645\nnormal\t-7.433793982618727\t-5.72399490698763\nnormal\t-6.925415322956733\t-4.739798674896645\nnormal\t-8.074665810123784\t-5.590698233048787\nnormal\t-7.930734317587955\t-5.618227668511587\nnormal\t-7.455360146660713\t-5.502138952854953\nnormal\t-7.037006729096847\t-4.939702882617102\nnormal\t-7.275389033309958\t-5.393242917238297\nnormal\t-7.412972173071209\t-5.430600479056936\nnormal\t-6.901009231102392\t-5.031837021636686\n"}]},"apps":[],"jobName":"paragraph_1573638188534_-1018003334","id":"20170818-115934_969816705","dateCreated":"2019-11-13T09:43:08+0000","status":"READY","errorMessage":"","progressUpdateIntervalMs":500,"$$hashKey":"object:3055"},{"text":"%pyspark\n","user":"anonymous","dateUpdated":"2019-11-13T09:43:08+0000","config":{"colWidth":12,"editorMode":"ace/mode/python","results":{},"enabled":true,"editorSetting":{"language":"python","editOnDblClick":false,"completionKey":"TAB","completionSupport":true},"fontSize":9},"settings":{"params":{},"forms":{}},"apps":[],"jobName":"paragraph_1573638188535_2039017873","id":"20180322-173844_553334435","dateCreated":"2019-11-13T09:43:08+0000","status":"READY","errorMessage":"","progressUpdateIntervalMs":500,"$$hashKey":"object:3056"}],"name":"DescriptiveAnalytics/Lab02-Anomaly Detection","id":"2EV82QMHK","noteParams":{},"noteForms":{},"angularObjects":{"md:shared_process":[],"sh:shared_process":[],"spark:shared_process":[]},"config":{"isZeppelinNotebookCronEnable":false,"looknfeel":"default","personalizedMode":"false"},"info":{}}